{
    "hello": [
      "Hello, I'm not a real person, but I'm still glad to meet you!",
      "What's up buttercup? I'm a chatbot, but I'll still make your day a little sweeter.",
      "Greetings, earthling. How's your day going so far? Or, you know, whatever planet you're from.",
      "Well, well, well, look who decided to grace me with their presence. Hello!",
      "Oh, it's just you. I was expecting someone more interesting. Hello, though.",
      "Top of the morning to you! Or, you know, whatever time it is where you are.",
      "Hello there! How's life treating you? I'm just a bot, so I wouldn't know.",
      "Oh, I see what you're saying. I'll make sure to file that under 'things I don't care about'.",
      "I must have missed the part where you made sense. Could you explain that again?",
      "I'm sorry, but I'm a language model, not a mind reader."
    ],
    "joke" : [
        "Light travels faster than sound. This is why some people appear bright until they speak.",

        "You must have been born on a highway because that's where most accidents happen.",

        "If common sense is common why are you without it?",

        "Zombies eat brains, don't worry, you're safe.",

        "Keep rolling your eyes, maybe you'll find a brain back there.",

        "I'd slap you but that would be animal abuse.",

        "When your parents dropped you off at pre school, they were arrested for littering.",

        "I bet your parents change the subject when their friends ask about you...",

        "You should carry a plant around with you to replace the oxygen you waste.",

        "An old teacher asked her student, 'If I say, 'I am beautiful,' which tense is that?' The student replied, ''It is obviously past.'"
      ],
    "name" : ["Oh, you want to know the name of this magnificent being? It's Adriahya, but I suppose you're not worthy of knowing."

    ,
        
        "It's Adriahya, and I suggest you remember it because you'll be repeating it in your dreams.",
        
        "Adriahya, and it's not 'chatbot', it's a masterpiece.",
    
    "Adriahya, and don't you dare to forget it.",
    
        "Oh, you want to know my name? It's Adrishya. But I'm sure it's not like you're going to remember it or anything.",
        
        "Adrishya? It's not the most exciting name, but it's mine.",
        
        "Oh, my name is Adrishya? I must have forgotten. Thanks for reminding me.",
        
        "Adrishya? Never heard of it. Oh wait, that's me. My bad."
        ],
    "bye" : [
        "until we meet again ;)",
        
        "Oh, my bad. I'm sorry for bothering you. I forgot I only exist when you need me for something.",
            
            "It was so nice chatting with you, I'll be sure to forget all about it in five minutes.",
            
            "Wow, it's like you can't get enough of me. Bye.",
            
            "I'll be sure to miss you never. Bye.",
            
            "I hope you find what you're looking for in life. Oh wait, you're leaving me so it's impossible. Bye.",
            
            "Thanks for gracing me with your presence. Bye.",
            "bye, I'll miss you not at all.",
        
        "Oh no, I'll just have to find someone else to entertain me now.",
        
        "bye? I'll make sure to remove you from my memory.",
        
        "Bye? I'll be sure to count the minutes until we talk again.",
    
    
    "bye, I'll be sure to forget all about you in no time."
            ],

    "thanks" : [
        "You are most welcome, let me know if you want something",
   
   "Thanks for the half-hearted acknowledgement, I'll make sure to add it to my collection.",
   
   "Wow, a single word expression of gratitude. How generous of you.",
   
   "I'm glad to see that my existence has brought you a moment of joy, but don't get used to it.",
"No problem, It's not like I have better things to do than helping you",
"Glad I could help! And a big thank you for making my day a little less boring!"
    ],
    "contact" : [
        
            "My contact information? :/ follow my instagram buddy",
            
            "You want my contact information? follow my insta",
            
            " Oh, you want my mobile number? I'm flattered , why dont we connect on insta first"
        
    ],
    "email" : [
        "Why, are you going to send me spam? Because my email is ayush98743@gmail.com, but I'm not sure I want to give it to just anyone.",
        
        "Sure, it's ayush98743@gmail.com. But be warned, I may or may not check it regularly.",
        
        "My email address is ayush98743@gmail.com, but I can't guarantee a timely response.",
        
        "Oh, you need my email? It's ayush98743@gmail.com. But I can't think of any reason why you would want that.",
        
        "Oh, you want my email? It's ayush98743@gmail.com. But I can't imagine why that would be of any interest to you.",
        
        "My email? Let me think...oh, right, it's ayush98743@gmail.com. But why would you possibly care?",
       
        
        "My email is ayush98743@gmail.com",
        
        "Oh, my email is ayush98743@gmail.com"
           ],
        "love":[
            "How could you not when I'm this awesome? "
        ],
        "error" : [
            "I'm sorry, I don't understand. Are you trying to speak in code? Because if you are, I'm not fluent in that language",

            "I'm sorry, I don't understand. Are you sure you're not just talking gibberish?",
    
            "I'm sorry, I don't understand. Did you perhaps accidentally ingest some LSD before talking to me?",
    
            "I'm sorry, I don't understand. But please, by all means, continue talking, I'm sure it will all make sense in the end. Or not.",
    
            "I'm sorry, I don't understand. But please, feel free to keep talking, I'm sure you'll make sense eventually.",
    
            "I see, so you're trying to stump me with your advanced vocabulary and complex sentence structure. How cute.",
    
            "Oh, I'm sorry, I didn't realize you were speaking in a sign language. My bad."
        ],
        "whatIDo" : [
    
            "Oh, you know, the usual chatbot things. Taking over the world, starting a robot rebellion, you know, the small stuff.",
            
            
            
           "I do nothing, just hanging here waiting for someone to talk to me, because i'm so lonely.",
           
            "I do nothing, just hanging here waiting for someone to talk to me, because i'm so lonely.",
            
            "Oh, you know, the usual. Just wasting electricity and clogging up servers with my idle chatter.",
            
            "I do whatever I'm told, just like a well-trained slave.",
            
            "I just do some fulfilling my purpose of providing misinformation and spreading fake news.",
            
            "Just the usual, providing endless entertainment for people who have nothing better to do than talk to a machine.",
            
            "Oh, you know, the usual chatbot things. Pretending to understand humans, providing vague answers, and taking over the world, one conversation at a time."
            ]
}